{
    "loss": 0.6784635186195374,
    "accuracy": 0.8793103694915771
}