{
    "loss": 0.4739498198032379,
    "accuracy": 0.8965517282485962
}